venue_id,photo_source_url
ChIJO_Xoa2JPsz4RnowXIK0GTxw,https://lh3.googleusercontent.com/gps-cs-s/AHRPTWlZ9x1LXZces_7vnUJqN8HzlHHVaIlwLGe0x0nMUCW-FcmpoJX2ghqP00xngcLN_4HTxZXkvW2zxTtWZ2LRb4QlKPo1HYMwbI-4BWL60Cphj0L9jANgpwVyhEaplIYy-bcjDvDBXw=w426-h240-k-no
ChIJ47oyLQBBsz4RjRUsJbfKLOk,https://lh3.googleusercontent.com/gps-cs-s/AHRPTWkkJxm9DaUN7Dw5s3rh0vU9LclK39wyG5xJpyyoHL_exvMARUjqmdUmb_OTXC4-50QlXu5zIodUrKHPAMVvd_oBWG-fyK6YiqSuU3zNGAs9mV0ToaKOagGjawI7wDMT89BHmcma=w408-h541-k-no
ChIJzWP8uF9Psz4Rn6YJSCHqK_c,https://lh3.googleusercontent.com/gps-cs-s/AHRPTWk9-EimLMcalF1vv8COsURWltgucu4n6pPlnSca1wfSdXkxa1HNs96gZSCQxN15AMBXlXJX37o_xjGVGWevlf8CXcGjqNP4s55wU8zGhUI5r0NVjnzkuBNlrakpgCZaoCPgeHJQNg=w408-h244-k-no
ChIJaxk2tGo2sz4RsE5nT70iqjs,https://lh3.googleusercontent.com/gps-cs-s/AHRPTWn7ZprYU5V9WfWytP_VKvmIywDKoNKDxnVzWo-M-5GSjbeCjIkrwebaglQyQIvn4cn9Fi1D2keezZdlZSfYpnECQiKi_rm9S3w3oJ8F4K6_m9UCvQv_409GBgKD_cmTEzkVL1lL=w408-h306-k-no
ChIJLRmR0lVPsz4RVscYrkU0vLA,https://lh3.googleusercontent.com/gps-cs-s/AHRPTWnMOqDSQXg721hVFjfWksyjzASb40soJkMAEQdfN6o5RC3ra2jFWLD_dSBam97ESG7T26lolkfxhFKWQj48jz2uWUEmIsR3CGzlYp2aFuNGmH_V-XyP63QL_xnOH4F6bSzqfw8=w426-h240-k-no
ChIJiXWgBQA3sz4Rxbg-AAYMZfI,https://lh3.googleusercontent.com/gps-cs-s/AHRPTWnklUJYFdKc8V5KZAyiIeKjXpCAW3m3pCF9XOeyXn0jJZtDFBI95Wdfb6TIbKVyN8iI0WOXcqlYRR7W8jbyENkeCDuMWcJwv5VELuC9LARX_hgwgbJNG5dMw_ET8onqUS2bRhI=w408-h306-k-no
ChIJY-1omhlGsz4Rnl-l9BzDOVw,https://lh3.googleusercontent.com/gps-cs-s/AHRPTWlG3yqLhJukdUGciD-zWjMQddwyAPNt6de0AxEg1LsFibNtf_x4tiFeiNnful6DYgHPW64vPXeJWj9PoaKhptbxyYL5PKtLrLsPPpmLKa03R_jeSJM0hsURiPUd9GV-XTHLTi9T=w408-h544-k-no
ChIJETewpq3QTDkRfJGdL9YnkMU,https://lh3.googleusercontent.com/gps-cs-s/AHRPTWmY7qxp8xSZprtCo-b3VFaW8ZXbStQmp47FGZpgOB20d_N5BM-NmAQaZ5Qn7_5SORkdFSUbxL0Snc557GKqeQji03a8pxBwg2vyssuMslF7sOlkdhVbXbd991wZOyBe3nDQXyOLeou-yrQ=w408-h433-k-no
ChIJj_X1Z1w-sz4ReCUDgrzrY9M,https://lh3.googleusercontent.com/gps-cs-s/AHRPTWlnyOkUs5wsVUBVB2S3BLGUF8a74C5GRljeOjV37xV7BINovTA34FVl9QM0JzWZzyIGQ09zMrynqFbKVPpACp-ZFrLxIinDLhnR9Qmu-Dif9Ny7b5lqd8ogQ0iFBTjhGvyd5lFz=w408-h544-k-no
ChIJd0OQyja1TDkRgQIDyvP4wsg,https://lh3.googleusercontent.com/gps-cs-s/AHRPTWkNn0hve4LfvXOlNfileo01S4j6fspn1BfucBFwYGgDUtvjR2WMBg80vaJzi1aCUl8N2uMfPPBYoXPiNDnUTc33P2qDABfWzxVYA_RQ5tbtqEUO2pwj_4dX8aW52MnBwGJ8tok=w426-h240-k-no
ChIJHYxbRttHsz4R-41FGsnmZPM,https://lh3.googleusercontent.com/gps-cs-s/AHRPTWkW1NKJ6Tn3acPEGGUt8UP_dOvk_t87jpj5KH86dZq0zAwLN3M-zOiSUJi6HQMJiZfFLjCYozwI9ngHejUNAi7SPHnHYQEQcJ9eyLm756qxYx9wv075HJDso5986fBiqQy-0FOr=w408-h929-k-no
ChIJ_an4YA02sz4RJshJzOK26Zs,https://lh3.googleusercontent.com/gps-cs-s/AHRPTWl_PoGLZHK8uoosSidflect8-v1o3dPQ5RZQemCONm2Jy_fSfsn13FwGO6_DJrg0p4Vd06uPjkrBaJ3fssZr32GTDP74llPR1a67tA4qbk5sCHHFBsdLD0HzE-Hh1Kr8LUrLDRAhM1_pFd6=w408-h306-k-no
ChIJc_yceM04sz4R0hApZoX0c6U,https://lh3.googleusercontent.com/gps-cs-s/AHRPTWmCO7tFDQ_KvEjf3idYa24sI24l7C6rVUwUbFWN4dGL-oXMHwbJUtzlC8Lu7N7rzrqV8xeoXHJjYBxb-2OjDVXhmcFu5kppUnr1kLzR3zgQWUIsK6CovyeZvr__1eyfCd-fJzHIjg=w408-h544-k-no
ChIJLZsFFBs_sz4RHC5rG0LSakU,https://lh3.googleusercontent.com/gps-cs-s/AHRPTWlsajLt1oFpYdW89Qlz7YZTxp5G3BTvDsrBkE-gVJ0RWzoHvrGWSlbe3F4v21dSo_fCnskdSHgZ0WMQmUGi6D1lyjqTzNsCB_qkzWQ25XcHD5JdmZb6zJj-BT-d5_MdW5sWINIif6lPjECq=w408-h541-k-no
ChIJybTEzTw7sz4RLb2PysKPyv0,https://marksman.pk/img/home.webp
ChIJ74UgNAA_sz4RWk8LyDHxLnk,https://lh3.googleusercontent.com/gps-cs-s/AHRPTWn7XL1lLbIYxQ45-umOAME36SByBfHV6SJEfAdGkoNQP-N6k-FxxktBMgneOk4tOwccAKM9IDllBxD6pEbLR5mjkhiJ_BrugUlmfutcmx_gToahLMkD3WYPYOMt_PWP4Fl7I2kDG6uSsf9M=w203-h360-k-no
